-- Category
INSERT INTO CATEGORY (id, version, name) VALUES (1,  1, 'Arts & Photography')
INSERT INTO CATEGORY (id, version, name) VALUES (2,  1, 'Biographies & Memoirs')
INSERT INTO CATEGORY (id, version, name) VALUES (3,  1, 'Business & Money')
INSERT INTO CATEGORY (id, version, name) VALUES (4,  1, 'Comics & Graphic Novels')
INSERT INTO CATEGORY (id, version, name) VALUES (5,  1, 'Computers & Technology')
INSERT INTO CATEGORY (id, version, name) VALUES (6,  1, 'Cookbooks, Food & Wine')
INSERT INTO CATEGORY (id, version, name) VALUES (7,  1, 'Engineering & Transportation')
INSERT INTO CATEGORY (id, version, name) VALUES (8,  1, 'Health, Fitness & Dieting')
INSERT INTO CATEGORY (id, version, name) VALUES (9,  1, 'Literature & Fiction')
INSERT INTO CATEGORY (id, version, name) VALUES (10, 1, 'Mystery, Thriller & Suspense')
INSERT INTO CATEGORY (id, version, name) VALUES (11, 1, 'Science & Math')
INSERT INTO CATEGORY (id, version, name) VALUES (12, 1, 'Science Fiction & Fantasy')

-- Category
INSERT INTO GENRE (id, version, name) VALUES (1,  1, 'Alternative Rock')
INSERT INTO GENRE (id, version, name) VALUES (2,  1, 'Blues')
INSERT INTO GENRE (id, version, name) VALUES (3,  1, 'Classical Music')
INSERT INTO GENRE (id, version, name) VALUES (4,  1, 'Classic Rock')
INSERT INTO GENRE (id, version, name) VALUES (5,  1, 'Country')
INSERT INTO GENRE (id, version, name) VALUES (6,  1, 'Indie Music')
INSERT INTO GENRE (id, version, name) VALUES (7,  1, 'Jazz')
INSERT INTO GENRE (id, version, name) VALUES (8,  1, 'Latin Music')
INSERT INTO GENRE (id, version, name) VALUES (9,  1, 'Pop')
INSERT INTO GENRE (id, version, name) VALUES (10, 1, 'R&B')
INSERT INTO GENRE (id, version, name) VALUES (11, 1, 'Reggae')
INSERT INTO GENRE (id, version, name) VALUES (12, 1, 'Rock')
INSERT INTO GENRE (id, version, name) VALUES (13, 1, 'Soundtracks')
INSERT INTO GENRE (id, version, name) VALUES (14, 1, 'World Music')

-- MajorLabel
INSERT INTO MAJORLABEL (id, version, name) VALUES (1, 1, 'Warner Music Group')
INSERT INTO MAJORLABEL (id, version, name) VALUES (2, 1, 'EMI')
INSERT INTO MAJORLABEL (id, version, name) VALUES (3, 1, 'Sony')
INSERT INTO MAJORLABEL (id, version, name) VALUES (4, 1, 'BMG')
INSERT INTO MAJORLABEL (id, version, name) VALUES (5, 1, 'Universal Music Group')
INSERT INTO MAJORLABEL (id, version, name) VALUES (6, 1, 'PolyGram')

-- Publisher
INSERT INTO PUBLISHER (id, version, name) VALUES (1, 1, 'Pearson')
INSERT INTO PUBLISHER (id, version, name) VALUES (2, 1, 'Hachette Livre')
INSERT INTO PUBLISHER (id, version, name) VALUES (3, 1, 'Wiley')
INSERT INTO PUBLISHER (id, version, name) VALUES (4, 1, 'Oxford University Press')
INSERT INTO PUBLISHER (id, version, name) VALUES (5, 1, 'Harlequin')
INSERT INTO PUBLISHER (id, version, name) VALUES (6, 1, 'Flammarion')
INSERT INTO PUBLISHER (id, version, name) VALUES (7, 1, 'Groupe Gallimard')
INSERT INTO PUBLISHER (id, version, name) VALUES (8, 1, 'APress')
INSERT INTO PUBLISHER (id, version, name) VALUES (9, 1, 'O Reilly')

-- Book author
INSERT INTO AUTHOR (id, version, first_name, last_name, preferred_language, bio) VALUES (1,  1, 'Nigel', 'Deakin', 1,       'Nigel Deakin is specification lead for JMS 2.0 (JSR 343) and a principal member of technical staff at Oracle.')
INSERT INTO AUTHOR (id, version, first_name, last_name, preferred_language, bio) VALUES (2,  1, 'Fred', 'Rowe', 1,          'Fred is the WebSphere Architect for a number of Application Server components including those responsible for JEE managed concurrency, JCA (Java Connector Architecture), and database connectivity and connection management. Fred has worked at IBM for 10...')
INSERT INTO AUTHOR (id, version, first_name, last_name, preferred_language, bio) VALUES (3,  1, 'Kinman', 'Chung', 1,       'Spec lead for JSR 341, EL 3.0. Formerly a Tomcat committer. Currently a developer in Glassfish, working on web container, JSP and EL.')
INSERT INTO AUTHOR (id, version, first_name, last_name, preferred_language     ) VALUES (4,  1, 'Linda', 'Demichiel', 1)
INSERT INTO AUTHOR (id, version, first_name, last_name, preferred_language, bio) VALUES (5,  1, 'Arun', 'Gupta', 1,         'Arun Gupta is a Java evangelist working at Oracle. He works to create and foster the community around Java EE, GlassFish, and WebLogic. He has been with the Java EE team since its inception and contributed to all releases. Arun has extensive world wide...')
INSERT INTO AUTHOR (id, version, first_name, last_name, preferred_language, bio) VALUES (6,  1, 'Lincoln', 'Baxter III', 1, 'Lincoln Baxter, III is a Research Engineer at Red Hat, working on JBoss open-source projects; most notably as project lead for JBoss Forge.')
INSERT INTO AUTHOR (id, version, first_name, last_name, preferred_language, bio) VALUES (7,  1, 'Ed', 'Burns', 1,           'Ed Burns is a Senior Staff Engineer for Oracle Corporation where he chairs the JSR 344 (JSF 2.2) Expert Group and contributes to the open source Mojarra project. He is the author of two books published by McGraw-Hill: Secrets of the Rock Star Programme...')
INSERT INTO AUTHOR (id, version, first_name, last_name, preferred_language, bio) VALUES (8,  1, 'Roger', 'Kitain', 1,       'Roger Kitain is an Engineer at Oracle Corporation where he spent the last 15 years working with web technologies. He started working on JavaServer Faces in 2001 as a member of the implementation team and has co-led the specification for JSF since 1.1, ...')
INSERT INTO AUTHOR (id, version, first_name, last_name, preferred_language, bio) VALUES (9,  1, 'Antonio', 'Goncalves', 0,  'Antonio is a senior developer specialized in Java/Java EE. As a consultant he advises customers and helps them in defining and developing their software architecture. This Java Champion is also the founder of the very successful Paris JUG, Devoxx Franc...')
INSERT INTO AUTHOR (id, version, first_name, last_name, preferred_language, bio) VALUES (10, 1, 'Adam', 'Bien', 6,         'Consultant and author Adam Bien is an Expert Group member for the Java EE 6 / 7, EJB 3.X, JAX-RS and JPA 2.X JSRs. He has worked with Java technology since JDK 1.0 and with Servlets/EJB 1.0 and is now an architect and developer for Java SE and Java EE ...')
INSERT INTO AUTHOR (id, version, first_name, last_name, preferred_language, bio) VALUES (11, 1, 'Emmanuel', 'Bernard', 0,  'Emmanuel Bernard is data platform architect at JBoss by Red Hat where he oversees data projects of the Red Hat''s middleware and is member of the Hibernate team. Emmanuel has spent a few years in the retail industry as developer and architect where he ...')
INSERT INTO AUTHOR (id, version, first_name, last_name, preferred_language, bio) VALUES (12, 1, 'Jitendra', 'Kotamraju', 1,'Jitendra Kotamraju is a software engineer at Oracle. He has been contributing to the many Java EE technologies and GlassFish projects for the last 8 years. He was the specification and implementation lead of JAX-WS 2.2. At present, he is the specificat...')
INSERT INTO AUTHOR (id, version, first_name, last_name, preferred_language, bio) VALUES (13, 1, 'Mike', 'Keith', 1,        'Mike Keith has been an enterprise, distributed systems and persistence expert for over 20 years. He is a Java and Enterprise Architect at Oracle and contributes to Java EE and many of the subspecifications that make up the enterprise Java portfolio. He...')
INSERT INTO AUTHOR (id, version, first_name, last_name, preferred_language, bio) VALUES (14, 1, 'Anthony', 'Lai', 1,       'Anthony Lai is a principal member of technical staff at Oracle. He is the specification lead for JSR 236 - Concurrency Utilities for Java EE 1.0, and was previously a member of the J2EE Connector Architecture 1.5 specification (JSR 112) expert group.')

-- Book author
INSERT INTO BOOK (id, version, isbn, title, language, price, nb_of_pages, publication_date, author_id, category_id, publisher_id, image_url, description) VALUES (1, 1, '143024626X', 'Beginning Java EE 7',                            1, 49.99, 608, '2013-06-26', 9, 5, 8, 'http://ecx.images-amazon.com/images/I/518rDqWwjhL._SL160_.jpg', 'Java Enterprise Edition (Java EE) continues to be one of the leading Java technologies and platforms. Beginning Java EE 7 is the first tutorial book on Java EE 7. Step by step and easy to follow, this book describes many of the Java EE 7 specifications...')
INSERT INTO BOOK (id, version, isbn, title, language, price, nb_of_pages, publication_date, author_id, category_id, publisher_id, image_url, description) VALUES (2, 1, '1430250011', 'Oracle Certified Master Java EE 7 Architect',    0, 49.99, 700, '2014-01-15', 1, 5, 8, 'http://ecx.images-amazon.com/images/I/51maX4w9q9L._SL160_.jpg', 'Oracle Certified Master, Java Enterprise Architect Java EE 7 Certification Guide is a practical hands on guide for those looking to achieve the Master certification. It deals with the different technological aspects necessary to prop up the understandi...')
INSERT INTO BOOK (id, version, isbn, title, language, price, nb_of_pages, publication_date, author_id, category_id, publisher_id, image_url, description) VALUES (3, 1, '1449370179', 'Java EE 7 Essentials',                           1, 39.99, 362, '2013-09-03', 2, 5, 9, 'http://ecx.images-amazon.com/images/I/51XmtrCbZ5L._SL160_.jpg', 'Get up to speed on the principal technologies in the Java Platform, Enterprise Edition 7, and learn how the latest version embraces HTML5, focuses on higher productivity, and provides functionality to meet enterprise demands. Written by Arun Gupta, a k...')
INSERT INTO BOOK (id, version, isbn, title, language, price, nb_of_pages, publication_date, author_id, category_id, publisher_id, image_url, description) VALUES (4, 1, '1430244259', 'Java EE 7 Recipes: A Problem-Solution Approach', 1, 49.99, 748, '2013-05-22', 3, 5, 9, 'http://ecx.images-amazon.com/images/I/51MKty2UO2L._SL160_.jpg', 'Java EE 7 Recipes takes an example-based approach in showing how to program Enterprise Java applications in many different scenarios. Be it a small-business web application, or an enterprise database application, Java EE 7 Recipes provides effective an...')
INSERT INTO BOOK (id, version, isbn, title, language, price, nb_of_pages, publication_date, author_id, category_id, publisher_id, image_url, description) VALUES (5, 1, '1430258489', 'Introducing Java EE 7: A Look at What''s New',   1, 29.99, 240, '2013-06-26', 4, 5, 8, 'http://ecx.images-amazon.com/images/I/5125O5fSJ1L._SL160_.jpg', 'Introducing Java EE 7:  A Look at What’s New&lt;/em&gt; guides you through the new features and enhancements in each of the technologies comprising the Java EE platform.  Readers of this book will not have to wade through introductory material or infor...')
